,PRODUCT,MARKET,Units YEAR/22  (Absolute),Units YEAR/23  (Absolute),Units YEAR/24  (Absolute),Units YTD/05/2025  (Absolute),Units YEAR/25 (Annualized )
,NEO HEALAR,Private Ph/Hos,884388,771546,784766,327143,785143.2
,NEO HEALAR,LPO,35282,15222,8852,9250,22200
,NEO HEALAR,TENDER,184029,243821,120127,0,0
,PROCTO GLYVENOL,Private Ph/Hos,512643,82589,242763,171372,411292.8
,HEMAGEL PROCTO,LPO,16970,1378,3725,20760,49824
,HEMAGEL PROCTO,TENDER,21080,0,3018,0,0
,HEMAGEL PROCTO,Private Ph/Hos,134018,141956,172050,56602,135844.8
,PROCTO GLYVENOL,LPO,13395,4670,0,4488,10771.2
,PROCTO GLYVENOL,TENDER,12314,6034,16076,715,1716
,PILOCIN,Private Ph/Hos,96881,160647,307795,104152,249964.8
,PILOCIN,TENDER,195894,107864,299329,68340,164016
,PILOCIN,LPO,17144,4429,19223,12260,29424
,RECTACURE,Private Ph/Hos,55144,204387,328990,84660,203184
,ROHELAR,Private Ph/Hos,22264,53761,79085,33814,81153.6
,HAEMOPROCT,TENDER,0,0,28800,157283,377479.2
,SOREX,Private Ph/Hos,8604,6073,4656,2110,5064
,HAEMOPROCT,LPO,0,600,4000,3800,9120
,HEALARIDO,Private Ph/Hos,0,0,300,29424,70617.6
,RECTACURE,TENDER,6000,0,19516,6952,16684.8
,RECTACURE,LPO,0,2000,1733,0,0
,HAEMOPROCT,Private Ph/Hos,0,15873,22009,10141,24338.4
,SOREX,TENDER,143,63,0,0,0
,EMOFLON,Private Ph/Hos,0,761,3493,181,434.4
,NAYYAR,Private Ph/Hos,0,0,2811,32,76.8
,ALOEPROCT,Private Ph/Hos,0,0,123,9,21.6
,,Market size,Units YEAR/22  (Absolute),Units YEAR/23  (Absolute),Units YEAR/24  (Absolute),Units YTD/05/2025  (Absolute),Units YEAR/25 (Annualized ),Units YEAR/26  (Projection)
,,Total market,2216193,1823674,2473240,1103488,2648371.2,2801976.7296
,,Total Private Ph/Hos,1713942,1437593,1948841,819640,1967136,2081229.888
,,RIYADH MARKET SHARE,856971,718796.5,974420.5,409820,983568,1040614.944
,,Benchmark,Units YEAR/22  (Absolute),Units YEAR/23  (Absolute),Units YEAR/24  (Absolute),Units YTD/05/2025  (Absolute),Units YEAR/25 (Annualized ),Units YEAR/26  (Projection)
,,ROHELAR,22264,53761,79085,33814,81153.6,85860.5088
,,HEALARIDO,0,0,300,29424,70617.6,74713.4208
,📊 COOLVEX YEAR 1 TARGET DASHBOARD
,Riyadh Pilot Launch | Private Pharmacy Channel | 50% Market Share Methodology
,⚙️ KEY ASSUMPTIONS
,Parameter,Value,Unit,Source,Logic
,Riyadh Share of National,0.5,50%,New Directive,Riyadh = 50% of national private pharmacy market
,Market Growth Rate,0.058,5.8%,IMS Forecast,Applied to 2025 annualized → 2026 projection
,Annualization Factor,2.4,×,Calculation,12 months ÷ 5 months YTD = 2.4
,Pharmacy Locations,420,stores,Chain Mapping,7 chains: LEMON(135)+Innova(88)+Zahrat(76)+Shams(33)+Orange(33)+Al Jazea(32)+Adam(23)
,Net Profit per Unit,12.65,SAR,Financial Model,Wholesale 24.15 - COGS 8.00 - Trade 2.00 - Sales 1.50
,📈 MARKET SIZE BUILD-UP
,Market Level,2022,2023,2024,YTD 05/25,2025E,2026P,Formula Logic
,Total Market (All Channels),2216193,1823674,2473240,1103488,2648371.2,2801976.7296,"SUM(all products, all channels)"
,Private Ph/Hos (National),1713942,1437593,1948841,819640,1967136,2081229.888,SUM(Private Ph/Hos rows only)
,→ RIYADH (50% of Private),856971,718796.5,974420.5,409820,983568,1040614.944,Private × 50% (Riyadh share)
,🏆 COMPETITOR BENCHMARK ANALYSIS
,Product,2022,2023,2024,YTD 05/25,2025E,2026P,YoY 22→23,YoY 23→24,YoY 24→25E,CAGR 22-25E,Status
,NEO HEALAR,884388,771546,784766,327143,785143.2,830681.5056,-0.12759331876959,0.0171344287962092,0.00048065283154463,-0.038899778108739,DECLINING
,ROHELAR,22264,53761,79085,33814,81153.6,85860.5088,1.4147053539346,0.471047785569465,0.0261566668774103,0.538986696159105,GROWING
,HEALARIDO,0,0,300,29424,70617.6,74713.4208,N/A,N/A,234.392,N/A,EXPLOSIVE
,📊 ROHELAR TRAJECTORY (Best Coolvex Analog)
,Year,Units,YoY Growth,Cumulative,Est. Locations,Velocity,Notes
,Y1 (2022),22264,Launch,22264,500,3.71066666666667,Launch year baseline
,Y2 (2023),53761,1.4147053539346,76025,700,6.40011904761905,Expansion phase
,Y3 (2024),79085,0.471047785569465,101349,900,7.32268518518519,Aldawaa Pharmacies count
,📊 HEALARIDO TRAJECTORY (Aggressive Launch Model)
,Year,Units,YoY Growth,Cumulative,Est. Locations,Velocity,Notes
,Y1 (2024),300,Launch,300,100,0.25,Soft launch
,Y2 (2025E),70617.6,234.392,70917.6,1170,5.02974358974359,Al Nahdi Pharmacies count
,⚡ VELOCITY BENCHMARK (Units/Location/Month)
,Benchmark,Annual Units,Locations,Velocity,% of Neo Healar,Assessment,Source
,NEO HEALAR (2024),784766,8000,8.17464583333333,1,Market Leader,IMS + Est. national pharmacies
,ROHELAR Y1 (2022),22264,500,3.71066666666667,0.453923844814888,New Entrant Y1,Launch year benchmark
,ROHELAR Y3 (2024),79085,900,7.32268518518519,0.895780115063316,Mature Entrant,Aldawaa Pharmacies
,HEALARIDO Y2 (2025E),70617.6,1170,5.02974358974359,0.615285810821805,Aggressive Growth,Al Nahdi Pharmacies
,🎯 COOLVEX Y1 TARGET SCENARIOS
,Scenario,Y1 Units,Velocity,vs Neo Healar,vs Rohelar Y1,vs Healarido Y2,Riyadh Share,National Share,Y1 Profit,Confidence,Risk Level
,🔵 Floor,6000,1.19047619047619,0.145630307997179,0.320825419639649,0.236687252388721,0.00576582148334014,0.00288291074167007,75900,Very Low,🟢 Low Risk
,🟡 Conservative,7500,1.48809523809524,0.182037884996474,0.401031774549561,0.295859065485901,0.00720727685417518,0.00360363842708759,94875,Low,🟢 Low Risk
,🟢 BASE CASE,10500,2.08333333333333,0.254853038995064,0.561444484369386,0.414202691680261,0.0100901875958453,0.00504509379792263,132825,Medium,🟡 Moderate
,🔴 Aggressive,15000,2.97619047619048,0.364075769992948,0.802063549099122,0.591718130971802,0.0144145537083504,0.00720727685417518,189750,High,🔴 High Risk
,📊 COOLVEX BASE CASE vs ALL BENCHMARKS
,Metric,Coolvex Base,Rohelar Y1,Rohelar Y2,Rohelar Y3,Healarido Y1,Healarido Y2,Neo Healar,Assessment
,Annual Units,10500,22264,53761,79085,300,70617.6,784766,Below Rohelar Y1
,Velocity (u/loc/mo),2.08333333333333,3.71066666666667,6.40011904761905,7.32268518518519,0.25,5.02974358974359,8.17464583333333,Conservative
,% of Neo Healar,0.254853038995064,0.453923844814888,0.782923098823635,0.895780115063316,0.0305823646794076,0.615285810821805,1,Conservative (<30%)
,Est. Locations,420,500,700,900,100,1170,8000,Focused pilot
,💡 KEY INSIGHTS & RECOMMENDATIONS
,✅ Base Case Assessment:,"Coolvex 10,500 units is BELOW Rohelar Y1 (22,264) - CONSERVATIVE and achievable"
,✅ Velocity Check:,2.1 units/loc/mo = 25% of Neo Healar = Lower than Rohelar Y1 (3.7) - SAFE target
,⚠️ Upside Potential:,"If execution matches Rohelar Y1, potential is 15,000+ units"
,📊 Market Share:,"Base case = 1.01% Riyadh, 0.50% National - minimal market disruption"
,💰 Profitability:,"Base case = 132,825 SAR profit at 12.65 SAR/unit margin"
,📐 FORMULA REFERENCE (for audit trail)
,Annualization,YTD × 2.4,12 months ÷ 5 months = 2.4
,2026 Projection,2025E × 1.058,Apply 5.8% growth rate
,Riyadh Share,National Private × 50%,New directive: 50% share
,Velocity,Units ÷ Locations ÷ 12,Units per location per month
,Y1 Profit,Units × 12.65,Net profit per unit
,CAGR,(End/Start)^(1/n) - 1,Compound annual growth rate
